collection,token_id,token_uri
VKIN,1,44.json
VKIN,2,320.json
VKIN,3,313.json
VKIN,4,297.json
VKIN,5,169.json
VKIN,6,171.json
VKIN,7,209.json
VKIN,8,13.json
VKIN,9,457.json
VKIN,10,28.json
VKIN,11,147.json
VKIN,12,59.json
VKIN,13,334.json
VKIN,14,51.json
VKIN,15,102.json
VKIN,16,271.json
VKIN,17,299.json
VKIN,18,20.json
VKIN,19,69.json
VKIN,20,380.json
VKIN,21,200.json
VKIN,22,67.json
VKIN,23,389.json
VKIN,24,26.json
VKIN,25,87.json
VKIN,26,444.json
VKIN,27,45.json
VKIN,28,302.json
VKIN,29,48.json
VKIN,30,424.json
VKIN,31,164.json
VKIN,32,127.json
VKIN,33,301.json
VKIN,34,393.json
VKIN,35,336.json
VKIN,36,289.json
VKIN,37,268.json
VKIN,38,53.json
VKIN,39,100.json
VKIN,40,316.json
VKIN,41,81.json
VKIN,42,86.json
VKIN,43,261.json
VKIN,44,255.json
VKIN,45,328.json
VKIN,46,226.json
VKIN,47,249.json
VKIN,48,435.json
VKIN,49,75.json
VKIN,50,315.json
VKIN,51,238.json
VKIN,52,3.json
VKIN,53,384.json
VKIN,54,148.json
VKIN,55,143.json
VKIN,56,30.json
VKIN,57,388.json
VKIN,58,256.json
VKIN,59,378.json
VKIN,60,230.json
VKIN,61,443.json
VKIN,62,136.json
VKIN,63,224.json
VKIN,64,235.json
VKIN,65,281.json
VKIN,66,259.json
VKIN,67,61.json
VKIN,68,95.json
VKIN,69,464.json
VKIN,70,329.json
VKIN,71,436.json
VKIN,72,40.json
VKIN,73,70.json
VKIN,74,467.json
VKIN,75,285.json
VKIN,76,323.json
VKIN,77,404.json
VKIN,78,277.json
VKIN,79,96.json
VKIN,80,381.json
VKIN,81,191.json
VKIN,82,229.json
VKIN,83,128.json
VKIN,84,413.json
VKIN,85,437.json
VKIN,86,318.json
VKIN,87,12.json
VKIN,88,429.json
VKIN,89,239.json
VKIN,90,363.json
VKIN,91,134.json
VKIN,92,121.json
VKIN,93,64.json
VKIN,94,33.json
VKIN,95,108.json
VKIN,96,474.json
VKIN,97,459.json
VKIN,98,205.json
VKIN,99,222.json
VKIN,100,72.json
VKIN,101,204.json
VKIN,102,310.json
VKIN,103,182.json
VKIN,104,401.json
VKIN,105,107.json
VKIN,106,202.json
VKIN,107,373.json
VKIN,108,294.json
VKIN,109,154.json
VKIN,110,304.json
VKIN,111,327.json
VKIN,112,27.json
VKIN,113,206.json
VKIN,114,43.json
VKIN,115,83.json
VKIN,116,122.json
VKIN,117,73.json
VKIN,118,456.json
VKIN,119,391.json
VKIN,120,298.json
VKIN,121,63.json
VKIN,122,212.json
VKIN,123,460.json
VKIN,124,451.json
VKIN,125,241.json
VKIN,126,116.json
VKIN,127,308.json
VKIN,128,333.json
VKIN,129,133.json
VKIN,130,287.json
VKIN,131,262.json
VKIN,132,6.json
VKIN,133,331.json
VKIN,134,440.json
VKIN,135,342.json
VKIN,136,131.json
VKIN,137,124.json
VKIN,138,21.json
VKIN,139,279.json
VKIN,140,266.json
VKIN,141,111.json
VKIN,142,398.json
VKIN,143,208.json
VKIN,144,232.json
VKIN,145,472.json
VKIN,146,361.json
VKIN,147,39.json
VKIN,148,163.json
VKIN,149,383.json
VKIN,150,175.json
VKIN,151,454.json
VKIN,152,355.json
VKIN,153,216.json
VKIN,154,274.json
VKIN,155,439.json
VKIN,156,340.json
VKIN,157,55.json
VKIN,158,445.json
VKIN,159,367.json
VKIN,160,151.json
VKIN,161,450.json
VKIN,162,173.json
VKIN,163,201.json
VKIN,164,157.json
VKIN,165,109.json
VKIN,166,395.json
VKIN,167,242.json
VKIN,168,295.json
VKIN,169,253.json
VKIN,170,80.json
VKIN,171,188.json
VKIN,172,282.json
VKIN,173,257.json
VKIN,174,37.json
VKIN,175,466.json
VKIN,176,7.json
VKIN,177,93.json
VKIN,178,32.json
VKIN,179,213.json
VKIN,180,300.json
VKIN,181,236.json
VKIN,182,354.json
VKIN,183,314.json
VKIN,184,375.json
VKIN,185,101.json
VKIN,186,36.json
VKIN,187,231.json
VKIN,188,210.json
VKIN,189,319.json
VKIN,190,74.json
VKIN,191,469.json
VKIN,192,65.json
VKIN,193,156.json
VKIN,194,430.json
VKIN,195,372.json
VKIN,196,120.json
VKIN,197,155.json
VKIN,198,290.json
VKIN,199,215.json
VKIN,200,344.json
VKIN,201,176.json
VKIN,202,161.json
VKIN,203,132.json
VKIN,204,462.json
VKIN,205,414.json
VKIN,206,359.json
VKIN,207,181.json
VKIN,208,71.json
VKIN,209,427.json
VKIN,210,453.json
VKIN,211,346.json
VKIN,212,400.json
VKIN,213,123.json
VKIN,214,423.json
VKIN,215,293.json
VKIN,216,433.json
VKIN,217,448.json
VKIN,218,330.json
VKIN,219,418.json
VKIN,220,341.json
VKIN,221,184.json
VKIN,222,186.json
VKIN,223,407.json
VKIN,224,153.json
VKIN,225,317.json
VKIN,226,233.json
VKIN,227,284.json
VKIN,228,338.json
VKIN,229,223.json
VKIN,230,452.json
VKIN,231,23.json
VKIN,232,220.json
VKIN,233,273.json
VKIN,234,106.json
VKIN,235,386.json
VKIN,236,115.json
VKIN,237,150.json
VKIN,238,305.json
VKIN,239,410.json
VKIN,240,269.json
VKIN,241,425.json
VKIN,242,366.json
VKIN,243,89.json
VKIN,244,19.json
VKIN,245,324.json
VKIN,246,118.json
VKIN,247,252.json
VKIN,248,458.json
VKIN,249,406.json
VKIN,250,247.json
VKIN,251,325.json
VKIN,252,79.json
VKIN,253,471.json
VKIN,254,193.json
VKIN,255,397.json
VKIN,256,260.json
VKIN,257,416.json
VKIN,258,258.json
VKIN,259,270.json
VKIN,260,38.json
VKIN,261,394.json
VKIN,262,185.json
VKIN,263,234.json
VKIN,264,390.json
VKIN,265,207.json
VKIN,266,403.json
VKIN,267,158.json
VKIN,268,41.json
VKIN,269,326.json
VKIN,270,348.json
VKIN,271,219.json
VKIN,272,130.json
VKIN,273,438.json
VKIN,274,347.json
VKIN,275,267.json
VKIN,276,177.json
VKIN,277,54.json
VKIN,278,441.json
VKIN,279,221.json
VKIN,280,250.json
VKIN,281,174.json
VKIN,282,9.json
VKIN,283,187.json
VKIN,284,18.json
VKIN,285,78.json
VKIN,286,84.json
VKIN,287,56.json
VKIN,288,447.json
VKIN,289,14.json
VKIN,290,408.json
VKIN,291,365.json
VKIN,292,291.json
VKIN,293,62.json
VKIN,294,66.json
VKIN,295,434.json
VKIN,296,137.json
VKIN,297,296.json
VKIN,298,461.json
VKIN,299,149.json
VKIN,300,199.json
VKIN,301,144.json
VKIN,302,357.json
VKIN,303,280.json
VKIN,304,337.json
VKIN,305,392.json
VKIN,306,31.json
VKIN,307,113.json
VKIN,308,339.json
VKIN,309,442.json
VKIN,310,402.json
VKIN,311,160.json
VKIN,312,409.json
VKIN,313,463.json
VKIN,314,126.json
VKIN,315,446.json
VKIN,316,309.json
VKIN,317,307.json
VKIN,318,411.json
VKIN,319,265.json
VKIN,320,362.json
VKIN,321,167.json
VKIN,322,125.json
VKIN,323,263.json
VKIN,324,303.json
VKIN,325,183.json
VKIN,326,145.json
VKIN,327,8.json
VKIN,328,237.json
VKIN,329,152.json
VKIN,330,135.json
VKIN,331,225.json
VKIN,332,412.json
VKIN,333,197.json
VKIN,334,283.json
VKIN,335,311.json
VKIN,336,104.json
VKIN,337,10.json
VKIN,338,52.json
VKIN,339,278.json
VKIN,340,312.json
VKIN,341,57.json
VKIN,342,92.json
VKIN,343,382.json
VKIN,344,387.json
VKIN,345,240.json
VKIN,346,374.json
VKIN,347,1.json
VKIN,348,306.json
VKIN,349,428.json
VKIN,350,420.json
VKIN,351,351.json
VKIN,352,470.json
VKIN,353,142.json
VKIN,354,214.json
VKIN,355,349.json
VKIN,356,449.json
VKIN,357,139.json
VKIN,358,47.json
VKIN,359,288.json
VKIN,360,35.json
VKIN,361,396.json
VKIN,362,272.json
VKIN,363,82.json
VKIN,364,217.json
VKIN,365,60.json
VKIN,366,432.json
VKIN,367,162.json
VKIN,368,264.json
VKIN,369,159.json
VKIN,370,419.json
VKIN,371,352.json
VKIN,372,49.json
VKIN,373,42.json
VKIN,374,68.json
VKIN,375,431.json
VKIN,376,196.json
VKIN,377,85.json
VKIN,378,190.json
VKIN,379,15.json
VKIN,380,98.json
VKIN,381,376.json
VKIN,382,379.json
VKIN,383,251.json
VKIN,384,165.json
VKIN,385,180.json
VKIN,386,203.json
VKIN,387,377.json
VKIN,388,358.json
VKIN,389,114.json
VKIN,390,473.json
VKIN,391,16.json
VKIN,392,371.json
VKIN,393,248.json
VKIN,394,335.json
VKIN,395,178.json
VKIN,396,254.json
VKIN,397,170.json
VKIN,398,97.json
VKIN,399,146.json
VKIN,400,99.json
VKIN,401,422.json
VKIN,402,110.json
VKIN,403,385.json
VKIN,404,228.json
VKIN,405,244.json
VKIN,406,138.json
VKIN,407,58.json
VKIN,408,198.json
VKIN,409,129.json
VKIN,410,172.json
VKIN,411,345.json
VKIN,412,22.json
VKIN,413,292.json
VKIN,414,245.json
VKIN,415,343.json
VKIN,416,465.json
VKIN,417,194.json
VKIN,418,360.json
VKIN,419,112.json
VKIN,420,29.json
VKIN,421,417.json
VKIN,422,34.json
VKIN,423,46.json
VKIN,424,77.json
VKIN,425,332.json
VKIN,426,4.json
VKIN,427,88.json
VKIN,428,455.json
VKIN,429,368.json
VKIN,430,117.json
VKIN,431,140.json
VKIN,432,468.json
VKIN,433,192.json
VKIN,434,356.json
VKIN,435,415.json
VKIN,436,364.json
VKIN,437,17.json
VKIN,438,24.json
VKIN,439,141.json
VKIN,440,321.json
VKIN,441,50.json
VKIN,442,421.json
VKIN,443,370.json
VKIN,444,322.json
VKIN,445,103.json
VKIN,446,399.json
VKIN,447,5.json
VKIN,448,353.json
VKIN,449,76.json
VKIN,450,90.json
VKIN,451,11.json
VKIN,452,276.json
VKIN,453,91.json
VKIN,454,369.json
VKIN,455,275.json
VKIN,456,105.json
VKIN,457,119.json
VKIN,458,218.json
VKIN,459,168.json
VKIN,460,94.json
VKIN,461,246.json
VKIN,462,286.json
VKIN,463,227.json
VKIN,464,243.json
VKIN,465,2.json
VKIN,466,166.json
VKIN,467,179.json
VKIN,468,405.json
VKIN,469,350.json
VKIN,470,25.json
VKIN,471,426.json
VKIN,472,189.json
VKIN,473,211.json
VKIN,474,195.json
VQLE,1,1.json
VQLE,2,2.json
VQLE,3,3.json
VQLE,4,4.json
VQLE,5,5.json
VQLE,6,6.json
VQLE,7,7.json
VQLE,8,8.json
VQLE,9,9.json
VQLE,10,10.json
VQLE,11,11.json
VQLE,12,12.json
VQLE,13,13.json
VQLE,14,14.json
VQLE,15,15.json
VQLE,16,16.json
VQLE,17,17.json
VQLE,18,18.json
VQLE,19,19.json
VQLE,20,20.json
VQLE,21,21.json
VQLE,22,22.json
VQLE,23,23.json
VQLE,24,24.json
VQLE,25,25.json
VQLE,26,26.json
VQLE,27,27.json
VQLE,28,28.json
VQLE,29,29.json
VQLE,30,30.json